(classical) to say	1
(not only ...) but also	1
-ly / structural particle: used before a verb or adjective, linking it to preceding modifying adverbial adjunct	1
Alipay	1
Americano	1
Bluetooth	1
Chang'e (moon goddess)	1
Chengdu	1
China	1
Chinese cabbage	1
Chinese crepe wrap	1
Chinese language	1
Chinese meat sandwich	1
Chinese painting	1
Chinese zodiac sign	1
Dragon (zodiac)	1
Dragon Boat Festival	1
English language	1
Forbidden City	2
Goat (zodiac)	1
Great Wall	1
Guilin	1
Horse (zodiac)	1
I / me	1
I've heard so much about you	1
Jade Rabbit	1
Lantern Festival	1
Longjing tea	1
Mandarin Chinese	1
Mid-Autumn Festival	1
Miss / young lady	1
Moments (WeChat feed)	1
Monkey (zodiac)	1
Moon Palace	1
Mount Huang	1
Mr. / sir / husband	1
New Year's Eve dinner	1
Party A (contract)	1
Party B (contract)	1
Peking opera	1
Pig (zodiac)	1
Potala Palace	1
Pu'er tea	1
Qu Yuan	1
Rabbit (zodiac)	1
Rat (zodiac)	1
SIM card	1
Shaolin Temple	1
Snake (zodiac)	1
Spring Festival / Chinese New Year	1
Spring Festival couplets	1
Suzhou gardens	1
Tai Chi	1
Terracotta Army	1
The Bund (Shanghai)	1
Tiananmen	1
Tieguanyin oolong	1
Tiger (zodiac)	1
WeChat	1
WeChat Pay	1
West Lake	1
Wi-Fi	1
WiFi	1
Wing Chun	1
Yellow River	1
a bit faster	1
a bit slower	1
a little while / in a moment	1
ability; talent / sb of a certain type	1
about / approximately	1
according to / based on	1
account	1
achievement	1
action / movement	1
actually	1
address	1
admission ticket	1
adorable	1
after / later	1
afternoon	1
again (past) / both... and...	1
again / once more	1
agenda	1
air conditioner	1
airport	1
algorithm	1
allergy	1
almost	1
already	1
also / too	1
although	1
altogether / total	1
always	1
ambulance	1
angry	1
angry / to get angry	1
animal	1
app / application	1
apple	2
appointment / to book	1
art	1
article / essay	1
artificial intelligence	1
aspect particle for experience / to pass	1
aspect particle indicating ongoing action or state	1
assembly / to assemble	1
assembly line	1
at / in / located at	1
at last / in the end	1
at once / right away	1
attachment	1
audit	1
aunt / housekeeper	1
automation	1
autumn / fall	1
bacon	1
bad / broken	1
baijiu	1
balcony	1
bamboo	1
banana	2
bank	1
bank transfer	1
base / reserve	1
bathroom	1
battery	1
because	1
bedroom	1
beef	2
beer	2
before / formerly	1
belly / stomach	1
beside / side	1
besides / apart from (... also...)	1
bicycle / bike	1
bird	1
birthday	2
black / dark	1
black and white	1
black tea	1
blackboard	1
blessing / well wishes	1
blue	1
boarding gate	1
boarding pass	1
boat / ship	1
body / health	1
book	1
bored	1
bored / boring	1
bottom / end of (month/year)	1
bottom line	1
bowl	1
breach of contract	1
bread	1
breakfast	1
bridge walk (festival activity)	1
browser	1
budget	2
building / floor / story	1
bus	2
busy	1
busy (phone line)	1
but / however	1
cake	2
calendar	1
calligraphy	1
camera	1
camera (device)	1
can / may	1
can't / don't know how	1
candied hawthorn skewers	1
cappuccino	1
carrot	1
cash	2
ceramics / porcelain	1
chair	1
change (money returned)	1
change / to change	1
character / word	1
character dictionary	1
charging cable	1
chatbot	1
cheap / inexpensive	2
check-in (airport)	1
cherry	1
chicken	2
child	1
child / kid	1
chili pepper	1
chopsticks	1
city	1
class / lesson	1
class / shift / team	1
classifier for vehicles	1
classmate	1
classroom	1
clause / provision	1
clean	1
clear / to understand clearly	1
client / customer	1
clothes	1
clothes / clothing	1
cloud	1
cloudy / overcast	2
clumsy cute manner	1
coffee	2
coffee beans	1
cola	1
cold (illness)	1
cold skin noodles	1
colleague	1
colleague / coworker	1
color	2
colorful braided cord	1
comfortable / feeling well	1
comment	1
company	1
compared to / than	1
competition (sports etc)	1
computer	1
conference call	1
confidence / faith	1
confidential / NDA	1
confidentiality (quality)	1
congratulations	1
conscientious / serious	1
consensus	1
conservation / breeding	1
contract	1
convenient	1
cooperation / partnership	1
corn	1
correct / towards	1
cost	1
country / nation	1
coupon	1
crab	1
cross-talk comedy	1
cucumber	1
culture	1
customer service	1
customs	1
customs declaration	1
dad / father	1
danger / dangerous	1
dangerous	1
data	1
date / appointment (social)	1
daughter	1
day / date / sun	1
deadlock / stalemate	1
decorative lantern	1
definitely / must / certain	1
delay	1
delivery / distribution	1
delivery rider	1
demand / need	1
demand / request / to require	1
department	1
destination	1
detailed / in detail	1
difference	1
difficult / hard	1
disciple / student	1
discount	1
discount / on sale	1
doctor	2
document / file	1
don't	1
don't understand (spoken)	1
door / gate	1
double-skin milk pudding	1
dragon boat	1
dragon boat race	1
dragon dance	1
drawing / painting / to draw	1
driver	1
dry	1
dumplings	1
ear / handle (on a cup)	1
easy / likely	1
effect / function / action	1
effect / influence / to affect	1
effect / result	1
egg	1
egg tart	1
eggplant	1
electronic	1
elevator	1
elevator / lift	1
email	1
embassy	1
embroidery	1
endangered	1
energy drink	1
enthusiastic / warm-hearted	1
environment / surroundings	1
equipment	1
equipment / gear (gaming)	1
erhu (two-string fiddle)	1
especially / special	1
esports	1
espresso	1
evening / night	1
everyone	1
exam / test	1
exchange rate	2
excited	1
excited / excitement	1
excuse me / may I ask	1
expense reimbursement	1
expensive	2
express delivery	2
extremely	1
eye	1
face	1
famous / well-known	2
fans / followers	1
far / distant	1
fast / quick / soon	1
fat / plump	1
female / woman	1
fever	1
few / little / to lack	1
file	1
fingerprint	1
fireworks	1
first / in advance	1
first / number one	1
fish	3
five	1
flash sale	1
flight	2
flower / to spend (time/money)	1
food delivery	1
foot	1
forecast	1
form / routine (martial)	1
formal / official	1
four	1
free shipping	1
frequently	1
fresh	1
fried dough twist	1
fried rice	1
friend	2
from	1
from / away from (distance)	1
front / ahead	1
fruit	1
fruit juice	2
fulfillment / completeness	1
full (from eating)	1
game	2
game controller	1
garden	1
gathering / party	1
gift	1
gift / present	1
glasses / eyeglasses	1
go straight	1
gongfu tea ceremony	1
good evening	1
good morning	1
goodbye	1
goodbye / see you again	1
grade / year in school	1
grandfather (paternal)	1
grandmother (paternal)	1
grape	2
green	1
green tea	1
grilled skewers	1
guest / customer	1
guesthouse	1
guzheng (zither)	1
habit / to be accustomed to	1
hair	1
hairtail fish	1
half	1
half sugar	1
ham	1
happy / glad	1
happy / joyful	1
happy / pleasant	1
happy holiday	1
hard drive	1
hardworking / to go through hardships	1
hardworking / to work hard	1
hat / cap	2
he / him	1
headache	1
headphones / earphones	1
health / healthy	1
healthy / health	1
heel / to follow closely	1
hello	1
hello (on the phone) / hey	1
help	1
high-speed train	1
history	1
hobby	1
hobby / interest	1
holiday / festival	1
hometown	1
homework / assignment	1
horn / corner / 0.1 yuan	1
hospital	2
hot (temperature)	1
hot pot	1
hotel	1
hotel check-in	1
hotel check-out	1
hour	2
how (wonderful etc)	1
how / why	1
how about / how is it	1
how have you been lately	1
humid / damp	1
hundred	1
husband	2
ice cream	1
if / in case	1
immigration entry	1
important	1
in order to / for the sake of	1
in the past / to go over	1
in the process of / currently doing	1
incoming call	1
inspection / testing	1
interest (desire to know about sth)	1
interest / benefit	1
interjection of surprise	1
internal martial skill	1
internet	1
internet speed	1
investigation / survey / to investigate	1
invoice / receipt (tax)	1
it	1
jacket / coat	1
jasmine tea	1
just now	1
keep warm (packaging)	1
kelp	1
key	2
key card	1
keyboard	1
kind / type / species	1
kitchen	2
knowledge	1
kung fu / martial skill	1
lamb	1
lamp / light	1
lantern	1
lantern fair	1
lantern walk / parade	1
laptop	1
last year	1
latte	1
latte art	1
laundry	1
laundry / to wash clothes	1
left	1
left side	1
leg	1
letter / to believe	1
level / stage	1
level / standard	1
library	1
like that; in that case	1
link	1
live stream	1
living room	1
lobster	1
logistics	1
long	1
long (time)	1
lost passport	1
low / beneath	1
luggage	1
machine learning	1
magazine	1
main / primary	1
major (field of study) / professional	1
man / male	1
manager	1
mango	1
map	2
market	1
martial arts	1
martial arts contest	1
master / teacher (martial)	1
mathematics / math	1
maybe / perhaps	1
maybe / possible	1
meaning / point / fun	1
measure word for clothes, matters	1
measure word for flat objects (paper, ticket, table)	1
measure word for long, thin objects (pants, fish, rivers, roads)	1
measure word for times/occurrences	1
medicine	1
medicine / drug	1
meeting	1
meeting / conference	1
member / membership	1
menu	2
meter	1
mid-autumn (literary)	1
middle / center	1
milk	2
milk tea	1
minute	1
misunderstanding / to misunderstand	1
mobile data	1
mobile phone	2
modal particle for suggestion or supposition	1
model (AI)	1
mom / mother	1
money	2
monitor	1
month / moon	1
mood / state of mind	1
moon	1
mooncake	2
morning	2
most / -est	1
mouse	1
mouth / classifier for things with mouths (people, domestic animals, cannons, wells etc)	1
moved / touched	1
mugwort	1
museum	1
mushroom	1
music	1
mutton / lamb	1
nature / natural	1
near / close	1
nearby / vicinity	1
negotiation	1
neighbor	2
nervous / tense	1
network / internet	1
new	1
news	1
newspaper	1
noodles	3
noodles with soybean paste	1
noon / midday	1
normal / regular	1
north / the northern part a country	1
nose	1
not only (... but also...)	1
now	2
of course / certainly	1
office	1
old / aged	1
old / worn (opposite of new)	1
old practice	1
old variant of 春	1
older brother	2
older sister	2
on / above / to go up	1
on fire	1
on time	2
on time / punctual	1
on-time delivery	1
once / a bit / a short period of time	1
one	1
one side	1
oneself / own	1
online shopping	1
only (if)	1
only / merely	1
oolong tea	1
opinion / suggestion	1
opportunity / chance	1
opposite / contrary	1
or / possibly; maybe; perhaps	1
orange	1
order	2
osmanthus flower	1
other / (sth or sb) else	1
other people	1
output / production volume	1
outside / foreign	1
oyster	1
packaging	1
page (measure word)	1
painful / ache	1
pair (measure word)	1
panda	2
pants / trousers	1
paper cutting	1
paragraph / section / segment	1
park	1
particle used to shift object before verb / measure word for objects with handles	1
passport	2
password	2
paternal grandfather / grandpa	1
paternal grandmother / grandma	1
pay by card	1
payment	2
peach	1
pear	1
pencil	1
performance / sales results	1
performance / to perform	1
person / people	1
pertaining to	1
pharmacy	1
phone call / conversation	1
photograph / picture	1
pickup code	1
place / area	1
plate / dish	1
player / gamer	1
please / to invite	1
please take care of me (polite)	1
police	1
polite measure word for people	1
pollution / to pollute	1
pork	2
pork ribs	1
port / interface	1
potato	1
power outlet / socket	1
power supply	1
pressure / stress	1
pretty / beautiful	1
price	1
price quote	1
principal / headmaster / university president	1
private message	1
production / to produce	1
profit	1
program / show	1
promotion / sale	1
proposal / plan	1
proud of oneself / complacent	1
pudding	1
quality	1
quarter (hour) / to carve	1
question / problem	2
quiet / peaceful	1
quilt / to cover (with)	1
railway station	1
ranking	1
raw materials	1
realgar wine	1
really / truly	1
receipt	1
receipt (fapiao)	1
recently	1
reception (front desk)	1
recipient	1
recognition / to recognize	1
recruitment / to hire	1
red	1
red bean paste	1
red envelope	1
red wine	1
refrigerator	1
refund	1
relation / relationship	1
relative	1
remote control	1
rent	1
representative / to represent	1
research / to study	1
reservation	1
resolution / decision	1
restroom / bathroom	1
restroom / toilet	1
reunion	1
review / rating	1
revolving lantern	1
rice	2
rice noodle roll	1
right	1
right side	1
river	1
road / path / route	1
roaming	1
roast duck	1
robot vacuum	1
room	2
round / circle	1
router	1
sachet / scented pouch	1
sad / feel sorry	1
sad / upset	1
salmon	1
salty	1
same / alike	1
same / identical	1
same / ordinary	1
satisfied / content	1
satisfied / pleased	1
sausage	1
scarf	1
scenic spot / attraction	1
schedule / agenda	1
school	1
screen	1
season	1
seat	1
security check	1
sensor	1
sentence	1
serious / severe	1
seven	1
she / her	1
shelf life / expiration date	1
shellfish	1
shirt	1
shoes	2
shop / store	1
shopping bag	1
shopping cart	2
short (height)	1
short / brief	1
short video	1
should / ought to	1
shrimp	1
signal	2
simple / easy	1
size	2
skirt / dress	1
sky lantern	1
sleep	1
slow	1
small / little	1
small change	1
smart / clever	1
smart / intelligent	1
smart home	1
smart lock	1
smart speaker	1
smartphone	1
smartwatch	1
snack	1
snow	1
so / therefore	1
so much; this much	1
social / socializing	1
software	1
some / a few	1
sorry / excuse me	1
sound / voice	1
soup	1
soup dumplings	1
south	1
soy milk	1
specially / specialized	1
specialty dish	1
spicy hot pot soup	1
spinach	1
sports / exercise / to exercise	1
sports / physical education	1
squid	1
standard	1
station / to stand	1
steak	1
steamed bun	1
sticky rice dumpling	1
still (as before)	1
still / also / yet	1
stinky tofu	1
stir-fry	1
stop here	1
storage / memory	1
straight (in a straight line)	1
strange / odd	1
strawberry	1
street	1
strict / rigorous	1
structural particle (for degree/manner)	1
student	1
subject (line)	1
subway / metro	2
sudden	1
sugar / sweets	1
suitcase / luggage	1
summary / to summarize	1
summer	1
sun	1
sunlight / sunshine	1
sunny / clear weather	1
sunny day	1
supermarket	2
surname / family name	1
surname Bao	1
surname Dong	1
surname Huang or Hwang	1
surname Jiao	1
surname Ma	1
surname Zhu	1
surveillance / monitor	1
sweet	1
sweet aftertaste (tea)	1
sympathy / to sympathize	1
table / desk	1
take care (when seeing someone off)	1
tall / high	1
tangyuan	2
target / goal	1
tax refund	1
tax-free	1
taxi	1
tea	1
tea art	1
tea ceremony	1
tea leaves	1
tea set / utensils	1
teahouse	2
temperature	2
ten	1
ten thousand	1
terms / conditions	1
thank you	1
thanks / thank you	1
the Earth	1
the more... (the more...)	1
then	1
then / precisely / just	1
thin / lean	1
thing / matter / affair	1
thirsty	1
this	1
thousand	1
three	1
ticket	1
ticket (train/bus)	1
time	1
time / moment	1
tip	1
tired	1
to CC (carbon copy)	1
to admire the moon	1
to agree	1
to appear / to arise	1
to arrive / to reach	1
to ask	1
to attend a meeting	1
to attract / to fascinate	1
to back up	1
to be / is / am / are	1
to be afraid / to fear	1
to be born	1
to be careful	1
to be concerned about	1
to be convinced (that sth is true)	1
to be hungry	1
to be late	1
to be willing / would like to	1
to board (a plane)	1
to brew tea	1
to bring / to take / to carry	1
to brush	1
to call back	1
to call the police	1
to catch a cold	1
to change or replace	1
to charge	1
to charge (a device)	1
to chat	1
to choose / choice	1
to clean	2
to climb a mountain	1
to climb trees	1
to close / to turn off	1
to communicate	1
to compare	1
to complete / to finish	1
to compromise / concession	1
to confirm	1
to congratulate	1
to connect	1
to connect (a call)	1
to cry	1
to dance	1
to dare / daring	1
to decide / decision	1
to dial	1
to discuss	1
to disturb / to bother	1
to divide	1
to do / to make	1
to download	1
to encounter / to run into	1
to end / to finish	1
to enter	1
to envy / to admire	1
to exchange / to change	1
to exercise	1
to exercise / to work out	1
to express / to indicate	1
to fall ill / to get sick	1
to feel / to think	1
to feel relieved / stop worrying	1
to finish / to complete	1
to follow	1
to forget	1
to forward	1
to get up (from bed)	1
to give / to	1
to give a discount	1
to give as a gift / to deliver / to see someone off	1
to give or receive an injection	1
to go	2
to go on a business trip	1
to go out / to produce	1
to go to work	1
to grind coffee	1
to guess lantern riddles	1
to hang up	1
to have / there is	1
to have a high temperature (from illness)	1
to have to	1
to help / assistance	1
to help / to lend a hand	1
to hold (a meeting	1
to hold / to take / to fetch	1
to hope / wish	1
to improve / to raise	1
to inspect / to check / medical exam	1
to introduce	2
to invite	1
to invite / invitation	1
to know	1
to know / to recognize	1
to laugh / to smile	1
to leave / to depart from	1
to leave a message	1
to lend / to borrow	1
to let / to allow / to make someone do something	1
to like	1
to like (a post)	1
to listen / to hear	1
to live / to reside	1
to look after / to take care of	1
to look for / to find / to give change	1
to lose / to throw away	1
to make / to cause	1
to marry / to get married	1
to match / outfit coordination	1
to meet / to see each other	1
to meet friends over tea	1
to miss (someone)	1
to move (heavy objects / home)	1
to need / requirement	1
to notice	1
to notify / notice	1
to paddle	1
to participate / to attend	1
to pass / to go through	1
to pay New Year visits	1
to pay attention to / notice	1
to photocopy	1
to pile on top of one another	1
to place an order	1
to plan / plan	1
to play / to have fun	1
to play basketball	1
to play football / soccer	1
to postpone	1
to postpone / to put off	1
to pour tea	1
to practice	1
to practice martial arts	1
to prepare / plan to	1
to print	2
to promote / marketing	1
to put / to place / to release	1
to put in order / to organize	1
to put on / wear (accessories, glasses, hat)	1
to queue / line up	1
to rain	2
to receive / to answer (phone) / to pick up someone	1
to record / minutes	1
to relax	1
to remember	1
to renew (a contract)	1
to repair / fix	1
to repair / maintenance	1
to repair / to fix	1
to replace / instead of	1
to reply	1
to report / briefing	1
to request leave	1
to resemble	1
to respect / honor	1
to rest	2
to restart	1
to return goods	1
to review / to revise	1
to ride (bike, horse, etc.)	1
to roll around	1
to run / to jog	1
to scan a QR code	1
to scrape	1
to search	1
to sell	1
to serve tea respectfully	1
to set off / to depart	1
to share	1
to ship / dispatch	1
to sign	1
to sign a contract	1
to sign for delivery	1
to sing a song	1
to sit / to take (a vehicle)	1
to sleep	1
to snow	1
to solve / to resolve	1
to speak / to explain / to tell (a story)	1
to speak / to talk	1
to start / to begin	1
to stay up on New Year's Eve	1
to study / to learn	1
to summarize	1
to surf the internet	1
to swim	1
to take a bath/shower	1
to take effect	1
to take off (clothes, shoes)	1
to take photos	2
to taste / appreciate tea	1
to team up	1
to tell	1
to think (i.e. to take it to be true that ...) (Usually there is an implication that the notion is mistaken – except when expressing one's own current opinion.)	1
to think / to believe	1
to top up / recharge	1
to track	2
to train (AI)	1
to travel / tourism	1
to try on	2
to understand	1
to understand / clear	1
to understand / to get to know	1
to update	1
to upload	1
to use	1
to wait	1
to walk / to leave	1
to want / need / will / must	1
to want / to think / to miss	1
to wash	1
to wear / to put on	1
to weigh	1
to welcome	1
to work / office work	1
to work overtime	1
to worry	3
to write	1
today	1
together	1
tomato	2
tomorrow	1
too / extremely	1
toothpaste	1
tour guide	2
towards / to	1
traffic jam	2
train station	1
transport / shipping	1
tree	1
trending search	1
trousers / pants	1
trust / to trust	1
two (with measure words)	1
typhoon	1
umbrella	1
uncle	1
under / down / next / to descend	1
validity period	1
variant of 草	1
vegetables	1
very / extremely	1
voice assistant	1
waiter / waitress	1
warehouse	1
warranty	1
water	3
water chestnut cake	1
watermelon	2
way / method / solution	1
we / us	1
weather	1
website	1
week	1
weekend	2
welcome	1
west	1
what	1
white	1
who / whom	1
why	1
wife	2
windy / to blow wind	1
winter	1
woman / women	1
words / phrases	1
workshop / shop floor	1
workstation	1
world	1
wrist watch	1
wrong / mistake	1
years old (age)	1
yesterday	2
young	1
younger brother	1
younger sister	1
yuan (currency unit)	1
zero	1
